year,Alaska Airlines Inc.,ExpressJet Airlines Inc.,Envoy Air,Southwest Airlines Co.,JetBlue Airways,Hawaiian Airlines Inc.,SkyWest Airlines Inc.,American Airlines Inc.,Continental Air Lines Inc.,AirTran Airways Corporation,United Air Lines Inc.,US Airways Inc.,Delta Air Lines Inc.
2003,1.0,1.0,1.0,1.0,1.0,1.0,1.0,1.0,1.0,1.0,1.0,1.0,1.0
2004,1.315781200083163,0.3727532720249823,1.1444720370304609,1.4960532345780497,1.5826097113298847,0.8148631029986962,1.7225581673459316,1.4417901825828237,1.1073860133359892,1.0278189526980028,1.1817572213356957,1.1019317983992338,1.5370238856141847
2005,1.7059256392963285,0.4028727837105523,1.192198647078106,1.606965846183311,3.544990694271522,1.2979139504563235,2.1057360064313175,1.4423503257102592,1.3116865717348032,1.692859552782008,1.3612658065517151,1.3476516708465311,1.7745822401929294
2006,1.4651375289880593,0.684616315904536,1.6596073373976408,1.75833623759662,4.496345825448839,2.962624945675793,4.173462971416004,1.676196935104981,2.0478324875062954,1.6496844583266383,1.9117733773995094,1.3071034595135436,1.537322838729981
2007,1.6102683529155235,1.2386142445794734,2.175140261321006,1.768045817978705,5.599558963809368,3.449369839200348,4.292704159035897,2.262167890108191,2.1494920752354667,1.4083431955741905,2.3110847080422476,1.864045495163894,1.5246591064165174
2008,0.9841643582218639,1.33520255014216,1.7304557821450204,1.914582905751649,4.675825567071048,2.5508474576271185,3.8794392675835683,1.9117336665148381,1.9460126620199318,1.458097346953989,2.0415263279693576,1.0266800930324307,1.4979674669384835
2009,0.4881997091128477,6.641402364183378,1.3103853787780522,1.3051563362177234,2.836099585590923,1.2481529769665363,4.449386994203144,1.2635149426917398,1.1630946491878968,1.3809412706661095,1.1606167330962027,0.800721962379439,1.1966979209082598
2010,0.3267864276349188,3.038349605596655,1.1663167233451344,1.4265333207601205,3.146604220074936,1.0588874402433723,6.679390812367078,0.9923301303121459,0.8259357737653558,0.9035285854259932,0.7576618001845588,0.6871476102984282,2.36744845299813
